{
  "timesteps": [
    961,
    921,
    881,
    841,
    801,
    761,
    721,
    681,
    641,
    601,
    561,
    521,
    481,
    441,
    401,
    361,
    321,
    281,
    241,
    201,
    161,
    121,
    81,
    41,
    1
  ],
  "cis_struct_per_prompt": [
    [
      6.034159183502197,
      7.073586463928223,
      8.107406616210938,
      8.876834869384766,
      9.729568481445312,
      10.05448055267334,
      9.519855499267578,
      9.799565315246582,
      10.09963607788086,
      10.37570858001709,
      10.778477668762207,
      11.393685340881348,
      11.976896286010742,
      12.495040893554688,
      13.07468032836914,
      13.757909774780273,
      14.23465347290039,
      14.695599555969238,
      14.902457237243652,
      15.02768325805664,
      15.225993156433105,
      15.011609077453613,
      15.125229835510254,
      15.164254188537598,
      20.3708553314209
    ],
    [
      4.9618449211120605,
      6.321180820465088,
      7.734670639038086,
      10.316262245178223,
      11.581242561340332,
      13.37221908569336,
      14.808736801147461,
      16.060571670532227,
      17.4366512298584,
      18.574520111083984,
      19.66623878479004,
      20.52948760986328,
      21.52684211730957,
      22.411348342895508,
      23.631303787231445,
      24.415693283081055,
      24.479976654052734,
      24.935359954833984,
      24.64322280883789,
      24.61334800720215,
      24.242053985595703,
      23.44571304321289,
      21.988584518432617,
      21.76993751525879,
      23.801204681396484
    ],
    [
      3.114150047302246,
      4.279561996459961,
      5.808020114898682,
      7.595067501068115,
      9.76313591003418,
      11.428399085998535,
      12.483354568481445,
      13.055429458618164,
      13.183150291442871,
      13.742551803588867,
      14.809840202331543,
      15.859559059143066,
      16.804061889648438,
      17.872201919555664,
      19.095922470092773,
      20.060993194580078,
      20.871503829956055,
      21.920307159423828,
      22.827369689941406,
      23.365097045898438,
      23.5167293548584,
      22.570804595947266,
      21.283851623535156,
      20.426504135131836,
      21.179861068725586
    ],
    [
      5.925627708435059,
      7.43047571182251,
      9.052889823913574,
      10.791513442993164,
      12.815115928649902,
      15.172666549682617,
      17.9107666015625,
      19.95168685913086,
      22.68061637878418,
      26.002931594848633,
      29.742109298706055,
      32.53116226196289,
      35.62723922729492,
      38.276123046875,
      39.677696228027344,
      40.85406494140625,
      41.390907287597656,
      41.51365280151367,
      40.796119689941406,
      39.905147552490234,
      39.143028259277344,
      38.17218780517578,
      36.81559753417969,
      36.503021240234375,
      34.30744171142578
    ],
    [
      5.783422470092773,
      7.341536998748779,
      9.093300819396973,
      10.997307777404785,
      14.191970825195312,
      16.461566925048828,
      17.665687561035156,
      19.42038345336914,
      21.67694664001465,
      23.663612365722656,
      25.593032836914062,
      26.814786911010742,
      27.998655319213867,
      29.377460479736328,
      30.158628463745117,
      31.110637664794922,
      31.695053100585938,
      32.476566314697266,
      32.19594192504883,
      32.21320724487305,
      31.516942977905273,
      30.09300994873047,
      28.232208251953125,
      27.16338539123535,
      27.43758201599121
    ],
    [
      4.178813934326172,
      5.335331916809082,
      6.68654727935791,
      8.0507230758667,
      8.768795013427734,
      10.33595085144043,
      11.740618705749512,
      12.73922348022461,
      13.460088729858398,
      14.166817665100098,
      14.463968276977539,
      15.412969589233398,
      16.413366317749023,
      17.46839714050293,
      18.290328979492188,
      19.01409339904785,
      19.973838806152344,
      20.72877311706543,
      20.796890258789062,
      20.943016052246094,
      21.512195587158203,
      22.077787399291992,
      22.104894638061523,
      21.817441940307617,
      24.06871795654297
    ]
  ],
  "prompts": [
    "A photograph of a cat sitting on a windowsill",
    "A red sports car on a mountain road",
    "A watercolor painting of a sunset over the ocean",
    "An astronaut riding a horse on the moon",
    "A bowl of fruit on a wooden table",
    "A medieval castle in a foggy forest"
  ]
}