{
  "timesteps": [
    961,
    921,
    881,
    841,
    801,
    761,
    721,
    681,
    641,
    601,
    561,
    521,
    481,
    441,
    401,
    361,
    321,
    281,
    241,
    201,
    161,
    121,
    81,
    41,
    1
  ],
  "cis_per_prompt": [
    [
      2.7692458629608154,
      3.0783629417419434,
      2.404465436935425,
      1.4832162857055664,
      1.1238834857940674,
      1.374505639076233,
      1.6014641523361206,
      1.8821626901626587,
      1.9606306552886963,
      1.4749188423156738,
      1.4569846391677856,
      1.315368413925171,
      1.393018126487732,
      1.6238007545471191,
      1.5611073970794678,
      1.4442414045333862,
      1.4278239011764526,
      1.5724140405654907,
      1.8041892051696777,
      1.616455078125,
      1.8461709022521973,
      1.8920220136642456,
      1.6371814012527466,
      1.6933549642562866,
      2.67846417427063
    ],
    [
      2.4682068824768066,
      1.6222046613693237,
      1.1605015993118286,
      0.9135531187057495,
      0.9945112466812134,
      1.0256215333938599,
      0.9724981784820557,
      1.1378567218780518,
      1.34157395362854,
      1.6336134672164917,
      1.790814757347107,
      1.7710834741592407,
      1.6442854404449463,
      1.8485392332077026,
      1.8227176666259766,
      1.8140307664871216,
      1.9693161249160767,
      1.9863847494125366,
      1.9143370389938354,
      2.2928669452667236,
      2.7446208000183105,
      2.4524593353271484,
      2.541109561920166,
      2.8889269828796387,
      2.7937850952148438
    ],
    [
      2.3629255294799805,
      1.8698428869247437,
      3.0173866748809814,
      1.64368736743927,
      1.2960602045059204,
      1.261942744255066,
      1.5023398399353027,
      1.8342280387878418,
      1.6574124097824097,
      1.595253825187683,
      1.4513764381408691,
      1.4009082317352295,
      1.4945549964904785,
      1.4893136024475098,
      1.5550270080566406,
      1.6647639274597168,
      1.7896305322647095,
      1.8912856578826904,
      1.997298240661621,
      1.9870423078536987,
      2.004152774810791,
      1.88248610496521,
      1.822914719581604,
      1.983141303062439,
      3.7503347396850586
    ],
    [
      2.104727029800415,
      1.64808189868927,
      4.95992374420166,
      2.443995237350464,
      1.813523530960083,
      2.491953134536743,
      2.5582115650177,
      3.3263046741485596,
      5.07780122756958,
      5.416508197784424,
      3.6394543647766113,
      3.002204179763794,
      3.4564437866210938,
      3.791156768798828,
      3.5159759521484375,
      3.476921558380127,
      3.791877031326294,
      4.005111217498779,
      3.7048449516296387,
      3.597368001937866,
      3.628211259841919,
      3.9327151775360107,
      3.7287938594818115,
      3.4464688301086426,
      3.1324081420898438
    ],
    [
      2.5012733936309814,
      1.690231204032898,
      1.7535682916641235,
      1.6838849782943726,
      0.7413572072982788,
      0.8833129405975342,
      0.9719667434692383,
      2.0091681480407715,
      1.0391333103179932,
      1.5605065822601318,
      1.9061851501464844,
      1.9950288534164429,
      1.8815486431121826,
      1.7213035821914673,
      1.5480531454086304,
      1.6995943784713745,
      1.863940954208374,
      1.573578119277954,
      1.3959918022155762,
      1.3587368726730347,
      1.5312780141830444,
      1.5874128341674805,
      1.4598337411880493,
      1.5968483686447144,
      3.3579559326171875
    ],
    [
      2.8768324851989746,
      1.0374643802642822,
      0.9185307025909424,
      0.9255801439285278,
      0.8556560277938843,
      0.876587986946106,
      0.9644198417663574,
      1.1985549926757812,
      1.4987189769744873,
      1.8626574277877808,
      2.3307557106018066,
      2.030945301055908,
      2.4792304039001465,
      2.7429850101470947,
      3.2194082736968994,
      2.843742847442627,
      2.2560553550720215,
      2.0422558784484863,
      1.990740180015564,
      2.1175193786621094,
      2.259467840194702,
      2.1538095474243164,
      5.461431503295898,
      5.770081520080566,
      4.9887542724609375
    ],
    [
      2.0458602905273438,
      1.405983328819275,
      1.7555598020553589,
      1.0757510662078857,
      1.5751200914382935,
      1.1473191976547241,
      1.4351097345352173,
      2.010281801223755,
      2.5297207832336426,
      2.347646951675415,
      2.6237082481384277,
      2.47721791267395,
      2.6634981632232666,
      2.9255380630493164,
      2.7849862575531006,
      2.494668483734131,
      2.408383369445801,
      2.610347032546997,
      2.738162040710449,
      2.692080020904541,
      2.674985408782959,
      2.7583935260772705,
      2.8109383583068848,
      2.7143447399139404,
      2.702227830886841
    ],
    [
      1.9487439393997192,
      1.0320088863372803,
      1.2087717056274414,
      1.6535186767578125,
      0.6600682735443115,
      0.8724566102027893,
      1.1512749195098877,
      1.163706660270691,
      0.9432776570320129,
      0.8871136903762817,
      0.9422629475593567,
      1.0907487869262695,
      1.3168889284133911,
      1.3731403350830078,
      1.3883832693099976,
      1.6035388708114624,
      1.5586119890213013,
      2.038222074508667,
      2.084662437438965,
      2.107548713684082,
      2.1006834506988525,
      2.2718605995178223,
      2.3260996341705322,
      2.8264851570129395,
      2.897379159927368
    ]
  ],
  "sas_per_prompt": [
    {
      "indices": [
        0,
        10,
        20,
        24
      ],
      "values": [
        0.15457870066165924,
        0.3576239049434662,
        0.3637545108795166,
        0.35919228196144104
      ]
    },
    {
      "indices": [
        0,
        10,
        20,
        24
      ],
      "values": [
        0.025418421253561974,
        0.3198097348213196,
        0.30956125259399414,
        0.32037293910980225
      ]
    },
    {
      "indices": [
        0,
        10,
        20,
        24
      ],
      "values": [
        0.15504921972751617,
        0.300528883934021,
        0.29395949840545654,
        0.31855547428131104
      ]
    },
    {
      "indices": [
        0,
        10,
        20,
        24
      ],
      "values": [
        0.0666738897562027,
        0.309969037771225,
        0.28206866979599,
        0.28839975595474243
      ]
    },
    {
      "indices": [
        0,
        10,
        20,
        24
      ],
      "values": [
        0.09639698266983032,
        0.37621867656707764,
        0.38511690497398376,
        0.37127068638801575
      ]
    },
    {
      "indices": [
        0,
        10,
        20,
        24
      ],
      "values": [
        0.12017965316772461,
        0.27906152606010437,
        0.3893432319164276,
        0.40845608711242676
      ]
    },
    {
      "indices": [
        0,
        10,
        20,
        24
      ],
      "values": [
        0.10670292377471924,
        0.334133118391037,
        0.3284226059913635,
        0.3291391432285309
      ]
    },
    {
      "indices": [
        0,
        10,
        20,
        24
      ],
      "values": [
        0.08801968395709991,
        0.26771119236946106,
        0.3310514986515045,
        0.32443779706954956
      ]
    }
  ],
  "prompts": [
    "A photograph of a cat sitting on a windowsill",
    "A red sports car on a mountain road",
    "A watercolor painting of a sunset over the ocean",
    "An astronaut riding a horse on the moon",
    "A bowl of fruit on a wooden table",
    "A medieval castle in a foggy forest",
    "A portrait of an elderly man with glasses",
    "A snowy mountain landscape with pine trees"
  ]
}