{
  "timesteps": [
    961,
    921,
    881,
    841,
    801,
    761,
    721,
    681,
    641,
    601,
    561,
    521,
    481,
    441,
    401,
    361,
    321,
    281,
    241,
    201,
    161,
    121,
    81,
    41,
    1
  ],
  "cis_per_gs": {
    "3.0": [
      [
        2.7692458629608154,
        2.167024612426758,
        3.0443708896636963,
        3.069173812866211,
        3.302253246307373,
        3.116166114807129,
        2.534848213195801,
        2.8011317253112793,
        3.229645013809204,
        3.1689281463623047,
        3.330258369445801,
        3.3842732906341553,
        3.0589232444763184,
        2.8979084491729736,
        2.7144696712493896,
        2.387009859085083,
        2.4003798961639404,
        2.5623390674591064,
        2.7976033687591553,
        3.249497890472412,
        3.2380192279815674,
        2.9447357654571533,
        3.181971311569214,
        3.4002676010131836,
        3.6151278018951416
      ],
      [
        2.4682068824768066,
        2.005868673324585,
        2.404088258743286,
        6.039900779724121,
        2.2402150630950928,
        2.217402935028076,
        1.8304435014724731,
        1.7231924533843994,
        2.186528444290161,
        2.186375141143799,
        2.3695247173309326,
        2.487916946411133,
        2.6519646644592285,
        2.4818856716156006,
        2.1502463817596436,
        2.1384706497192383,
        2.4936091899871826,
        2.5655224323272705,
        2.3585894107818604,
        2.3745172023773193,
        2.508458375930786,
        2.5476362705230713,
        2.4278857707977295,
        2.499152898788452,
        2.597750186920166
      ],
      [
        2.3629255294799805,
        2.3010435104370117,
        5.877403736114502,
        2.2826669216156006,
        2.0417959690093994,
        2.3667421340942383,
        2.6876585483551025,
        3.4424333572387695,
        2.919435739517212,
        2.643275022506714,
        2.4500532150268555,
        2.5606276988983154,
        3.108855962753296,
        2.882298469543457,
        3.2919585704803467,
        3.0776472091674805,
        2.7559521198272705,
        3.093233823776245,
        4.093114852905273,
        3.223771095275879,
        3.7002382278442383,
        3.570544958114624,
        3.038440227508545,
        3.3438594341278076,
        3.74316668510437
      ],
      [
        2.104727029800415,
        2.0045602321624756,
        5.7200117111206055,
        2.643279790878296,
        3.1093854904174805,
        4.30188512802124,
        4.873616695404053,
        4.479735851287842,
        7.777904033660889,
        4.579211711883545,
        4.313236236572266,
        4.0955424308776855,
        3.7611193656921387,
        3.6118855476379395,
        3.6596548557281494,
        3.405416250228882,
        3.40114426612854,
        3.9207074642181396,
        4.294894695281982,
        4.363568305969238,
        4.336846351623535,
        4.048541069030762,
        4.341224670410156,
        4.70882511138916,
        4.047599792480469
      ]
    ],
    "7.5": [
      [
        2.7692458629608154,
        3.0783629417419434,
        2.404465436935425,
        1.4832162857055664,
        1.1238834857940674,
        1.374505639076233,
        1.6014641523361206,
        1.8821626901626587,
        1.9606306552886963,
        1.4749188423156738,
        1.4569846391677856,
        1.315368413925171,
        1.393018126487732,
        1.6238007545471191,
        1.5611073970794678,
        1.4442414045333862,
        1.4278239011764526,
        1.5724140405654907,
        1.8041892051696777,
        1.616455078125,
        1.8461709022521973,
        1.8920220136642456,
        1.6371814012527466,
        1.6933549642562866,
        2.67846417427063
      ],
      [
        2.4682068824768066,
        1.6222046613693237,
        1.1605015993118286,
        0.9135531187057495,
        0.9945112466812134,
        1.0256215333938599,
        0.9724981784820557,
        1.1378567218780518,
        1.34157395362854,
        1.6336134672164917,
        1.790814757347107,
        1.7710834741592407,
        1.6442854404449463,
        1.8485392332077026,
        1.8227176666259766,
        1.8140307664871216,
        1.9693161249160767,
        1.9863847494125366,
        1.9143370389938354,
        2.2928669452667236,
        2.7446208000183105,
        2.4524593353271484,
        2.541109561920166,
        2.8889269828796387,
        2.7937850952148438
      ],
      [
        2.3629255294799805,
        1.8698428869247437,
        3.0173866748809814,
        1.64368736743927,
        1.2960602045059204,
        1.261942744255066,
        1.5023398399353027,
        1.8342280387878418,
        1.6574124097824097,
        1.595253825187683,
        1.4513764381408691,
        1.4009082317352295,
        1.4945549964904785,
        1.4893136024475098,
        1.5550270080566406,
        1.6647639274597168,
        1.7896305322647095,
        1.8912856578826904,
        1.997298240661621,
        1.9870423078536987,
        2.004152774810791,
        1.88248610496521,
        1.822914719581604,
        1.983141303062439,
        3.7503347396850586
      ],
      [
        2.104727029800415,
        1.64808189868927,
        4.95992374420166,
        2.443995237350464,
        1.813523530960083,
        2.491953134536743,
        2.5582115650177,
        3.3263046741485596,
        5.07780122756958,
        5.416508197784424,
        3.6394543647766113,
        3.002204179763794,
        3.4564437866210938,
        3.791156768798828,
        3.5159759521484375,
        3.476921558380127,
        3.791877031326294,
        4.005111217498779,
        3.7048449516296387,
        3.597368001937866,
        3.628211259841919,
        3.9327151775360107,
        3.7287938594818115,
        3.4464688301086426,
        3.1324081420898438
      ]
    ],