{
  "A photograph of a cat sitting on a windowsill": {
    "full": 0.35919228196144104,
    "early_only": 0.3665667772293091,
    "mid_only": 0.1614546775817871,
    "late_only": 0.1688537746667862,
    "none": 0.1734929382801056
  },
  "A red sports car on a mountain road": {
    "full": 0.32037293910980225,
    "early_only": 0.2997223138809204,
    "mid_only": -0.0203610397875309,
    "late_only": -0.04265264794230461,
    "none": -0.05002211406826973
  },
  "A watercolor painting of a sunset over the ocean": {
    "full": 0.31855547428131104,
    "early_only": 0.26957252621650696,
    "mid_only": 0.09357520192861557,
    "late_only": 0.09565727412700653,
    "none": 0.09126341342926025
  },
  "An astronaut riding a horse on the moon": {
    "full": 0.28839975595474243,
    "early_only": 0.3093971014022827,
    "mid_only": 0.09242710471153259,
    "late_only": 0.0928993970155716,
    "none": 0.09820414334535599
  }
}