{
  "timesteps": [
    961,
    921,
    881,
    841,
    801,
    761,
    721,
    681,
    641,
    601,
    561,
    521,
    481,
    441,
    401,
    361,
    321,
    281,
    241,
    201,
    161,
    121,
    81,
    41,
    1
  ],
  "ts_per_pair": [
    [
      2.5881009101867676,
      6.287970066070557,
      7.979531764984131,
      9.758689880371094,
      11.89527416229248,
      14.455175399780273,
      17.2846736907959,
      20.295886993408203,
      23.58710289001465,
      27.051469802856445,
      30.636764526367188,
      34.3646125793457,
      38.18541717529297,
      42.077232360839844,
      45.98905563354492,
      49.882572174072266,
      53.69218826293945,
      57.38578414916992,
      60.975528717041016,
      64.47408294677734,
      67.9112548828125,
      71.39690399169922,
      75.18900299072266,
      81.38568878173828,
      81.67829895019531
    ],
    [
      0.8139452934265137,
      2.2061102390289307,
      3.6858112812042236,
      5.174551486968994,
      7.118275165557861,
      9.572794914245605,
      12.212607383728027,
      15.378312110900879,
      19.098121643066406,
      22.31492805480957,
      25.68976593017578,
      29.296661376953125,
      33.08243942260742,
      36.884033203125,
      40.6844596862793,
      44.41111755371094,
      48.065635681152344,
      51.659122467041016,
      55.18547439575195,
      58.61478805541992,
      61.97801208496094,
      65.35699462890625,
      69.07723236083984,
      75.35652923583984,
      75.68978118896484
    ],
    [
      4.1902546882629395,
      6.731337070465088,
      9.57266902923584,
      12.70946216583252,
      15.715192794799805,
      18.99704933166504,
      22.52842903137207,
      26.114267349243164,
      29.864700317382812,
      33.85149383544922,
      37.97975540161133,
      42.19465255737305,
      46.36677169799805,
      50.50969314575195,
      54.61774444580078,
      58.594200134277344,
      62.42489242553711,
      66.07495880126953,
      69.52141571044922,
      72.81532287597656,
      75.94520568847656,
      78.94499969482422,
      82.08869171142578,
      86.93938446044922,
      87.12735748291016
    ],
    [
      1.0172152519226074,
      2.0107455253601074,
      3.143216609954834,
      4.53810977935791,
      9.023908615112305,
      9.442097663879395,
      10.262442588806152,
      11.348859786987305,
      12.5552339553833,
      13.946526527404785,
      15.390392303466797,
      16.921661376953125,
      18.549549102783203,
      20.257781982421875,
      22.054250717163086,
      23.94073486328125,
      25.876543045043945,
      27.87626838684082,
      29.999975204467773,
      32.313175201416016,
      34.89824295043945,
      37.849937438964844,
      41.4725456237793,
      48.599205017089844,
      48.96820831298828
    ]
  ],
  "prompt_pairs": [
    [
      "A red sports car on a mountain road",
      "A blue sports car on a mountain road"
    ],
    [
      "A photograph of a cat sitting on a windowsill",
      "A photograph of a dog sitting on a windowsill"
    ],
    [
      "A medieval castle in a foggy forest",
      "A medieval castle in a sunny meadow"
    ],
    [
      "A snowy mountain landscape with pine trees",
      "A snowy mountain landscape with palm trees"
    ]
  ]
}