{
  "timesteps": [
    961,
    921,
    881,
    841,
    801,
    761,
    721,
    681,
    641,
    601,
    561,
    521,
    481,
    441,
    401,
    361,
    321,
    281,
    241,
    201,
    161,
    121,
    81,
    41,
    1
  ],
  "ts_struct_per_pair": [
    [
      2.9416890144348145,
      6.045284271240234,
      9.43726634979248,
      13.306534767150879,
      17.537025451660156,
      22.210474014282227,
      27.228273391723633,
      32.62986373901367,
      38.340579986572266,
      44.31385040283203,
      50.50511932373047,
      56.87225341796875,
      63.32698059082031,
      69.82971954345703,
      76.30789184570312,
      82.71845245361328,
      88.97217559814453,
      95.01726531982422,
      100.81319427490234,
      106.34461212158203,
      111.61213684082031,
      116.67569732666016,
      121.77510070800781,
      128.77603149414062,
      129.0645294189453
    ],
    [
      2.6329538822174072,
      5.131932735443115,
      8.016511917114258,
      10.943307876586914,
      14.444426536560059,
      18.138948440551758,
      22.069833755493164,
      26.35367202758789,
      30.879079818725586,
      35.59280776977539,
      40.434417724609375,
      45.43833923339844,
      50.55342102050781,
      55.68815231323242,
      60.82780838012695,
      65.91749572753906,
      70.90214538574219,
      75.74456787109375,
      80.40608978271484,
      84.91802978515625,
      89.3004379272461,
      93.60026550292969,
      98.0697021484375,
      104.73594665527344,
      105.02500915527344
    ],
    [
      2.753985643386841,
      5.555697917938232,
      8.714826583862305,
      12.096354484558105,
      16.02853775024414,
      19.941606521606445,
      24.09473991394043,
      28.614574432373047,
      33.473106384277344,
      38.5949821472168,
      43.856727600097656,
      49.309288024902344,
      54.86772918701172,
      60.457801818847656,
      66.01471710205078,
      71.4912338256836,
      76.83973693847656,
      82.01242065429688,
      87.00843811035156,
      91.8296890258789,
      96.51110076904297,
      101.06826782226562,
      105.73230743408203,
      112.46720886230469,
      112.76416778564453
    ],
    [
      3.090986728668213,
      6.167971134185791,
      9.519719123840332,
      13.32857894897461,
      17.518959045410156,
      21.980154037475586,
      26.769123077392578,
      31.966936111450195,
      37.583984375,
      43.472076416015625,
      49.51209259033203,
      55.682281494140625,
      61.92778778076172,
      68.18860626220703,
      74.3910140991211,
      80.4765396118164,
      86.36876678466797,
      92.02693176269531,
      97.44140625,
      102.61555480957031,
      107.58798217773438,
      112.41084289550781,
      117.3460693359375,
      124.2222671508789,
      124.49483489990234
    ]
  ],
  "prompt": "A photograph of a cat sitting on a windowsill",
  "num_pairs": 4
}