{
  "uniform_7.5": {
    "mean_clip": 0.2805524133145809,
    "clip_scores": [
      0.3045148253440857,
      0.3166521489620209,
      0.23644886910915375,
      0.26459380984306335
    ],
    "unet_calls": 100
  },
  "early_heavy": {
    "mean_clip": -0.0005217185243964195,
    "clip_scores": [
      0.03857547044754028,
      -0.07770796865224838,
      0.01846734806895256,
      0.01857827603816986
    ],
    "unet_calls": 100
  },
  "mid_heavy": {
    "mean_clip": 0.21697398275136948,
    "clip_scores": [
      0.2290702760219574,
      0.1643136739730835,
      0.2766558825969696,
      0.1978560984134674
    ],
    "unet_calls": 100
  },
  "truncated_70": {
    "mean_clip": 0.26441044732928276,
    "clip_scores": [
      0.30898815393447876,
      0.25269484519958496,
      0.21664129197597504,
      0.2793174982070923
    ],
    "unet_calls": 85
  },
  "linear_decay": {
    "mean_clip": 0.25507165491580963,
    "clip_scores": [
      0.24711880087852478,
      0.2376548945903778,
      0.18062010407447815,
      0.3548928201198578
    ],
    "unet_calls": 100
  }
}