{
  "timesteps": [
    981,
    961,
    941,
    921,
    901,
    881,
    861,
    841,
    821,
    801,
    781,
    761,
    741,
    721,
    701,
    681,
    661,
    641,
    621,
    601,
    581,
    561,
    541,
    521,
    501,
    481,
    461,
    441,
    421,
    401,
    381,
    361,
    341,
    321,
    301,
    281,
    261,
    241,
    221,
    201,
    181,
    161,
    141,
    121,
    101,
    81,
    61,
    41,
    21,
    1
  ],
  "cis_per_prompt": [
    [
      0.49063658714294434,
      0.5958521962165833,
      0.7425470948219299,
      0.9479258060455322,
      1.1630783081054688,
      1.2492237091064453,
      1.6087795495986938,
      1.5407341718673706,
      1.927417516708374,
      1.8297337293624878,
      1.9711488485336304,
      1.8124538660049438,
      1.8443166017532349,
      1.785385012626648,
      2.2730185985565186,
      2.3029887676239014,
      2.6653225421905518,
      2.41845440864563,
      2.5145297050476074,
      2.732548475265503,
      2.8796675205230713,
      2.7396156787872314,
      3.1603217124938965,
      2.1779210567474365,
      2.068828582763672,
      2.1711831092834473,
      2.2527828216552734,
      2.396038293838501,
      2.5588889122009277,
      2.380110740661621,
      2.636711597442627,
      3.035569667816162,
      3.1659297943115234,
      3.4399125576019287,
      3.051300048828125,
      4.272785186767578,
      2.8858351707458496,
      3.122313976287842,
      2.8548150062561035,
      3.371727705001831,
      3.3760035037994385,
      3.607999086380005,
      3.940075159072876,
      4.368065357208252,
      4.500186443328857,
      3.3391168117523193,
      2.2240283489227295,
      2.5547447204589844,
      4.255862236022949,
      6.0383758544921875
    ],
    [
      0.9826971888542175,
      0.9628985524177551,
      1.01740300655365,
      1.1064321994781494,
      1.2727069854736328,
      1.4944161176681519,
      1.4012526273727417,
      1.3776895999908447,
      1.4371168613433838,
      1.2545101642608643,
      1.5671122074127197,
      1.2166005373001099,
      1.5033719539642334,
      1.7038211822509766,
      1.8950743675231934,
      1.735232949256897,
      1.6717720031738281,
      1.474977970123291,
      1.3423272371292114,
      1.3693348169326782,
      1.453233242034912,
      1.5326323509216309,
      1.572688102722168,
      1.6081101894378662,
      1.5622178316116333,
      1.498832106590271,
      1.5350366830825806,
      1.5362176895141602,
      1.6140332221984863,
      1.71852707862854,
      1.8136346340179443,
      1.9621614217758179,
      2.0772690773010254,
      1.910196304321289,
      1.9264652729034424,
      1.8660846948623657,
      1.8348288536071777,
      1.8195514678955078,
      1.785170316696167,
      1.7586071491241455,
      1.7688167095184326,
      1.7880070209503174,
      1.79071044921875,
      1.814824104309082,
      1.8960344791412354,
      1.8885418176651,
      2.062450647354126,
      1.92009437084198,
      1.8321934938430786,
      0.9274423718452454
    ],
    [
      0.8146557211875916,
      0.8161147236824036,
      0.9244254231452942,
      1.0627120733261108,
      1.219384789466858,
      1.3572965860366821,
      1.5600606203079224,
      2.0728611946105957,
      2.0036375522613525,
      2.241905689239502,
      3.0170552730560303,
      1.7478129863739014,
      2.552079916000366,
      3.048614501953125,
      1.9867852926254272,
      3.130324363708496,
      2.2755379676818848,
      3.369680166244507,
      2.073509931564331,
      3.494081497192383,
      2.7734622955322266,
      3.364941358566284,
      3.906848192214966,
      3.7167317867279053,
      4.84377384185791,
      5.677426815032959,
      5.363155364990234,
      5.177971839904785,
      5.038386344909668,
      3.9544692039489746,
      3.0889036655426025,
      2.845013380050659,
      2.6567752361297607,
      2.7114176750183105,
      2.5776262283325195,
      2.3301279544830322,
      2.19912052154541,
      2.135427951812744,
      2.067789316177368,
      2.0090808868408203,
      1.8787014484405518,
      1.829871416091919,
      1.8439719676971436,
      1.8752044439315796,
      1.8960585594177246,
      1.8835769891738892,
      1.8543227910995483,
      1.811209797859192,
      1.7145055532455444,
      1.2792189121246338
    ],
    [
      0.5029306411743164,
      0.5167939066886902,
      0.5340514779090881,
      0.571445107460022,
      0.6096546053886414,
      0.6534222960472107,
      0.7034039497375488,
      0.7674098610877991,
      0.8541747331619263,
      0.9539422988891602,
      1.0965394973754883,
      1.2378089427947998,
      1.4223847389221191,
      1.585615634918213,
      1.7334800958633423,
      1.8799020051956177,
      2.0106635093688965,
      2.145267963409424,
      2.297056198120117,
      2.405167818069458,
      2.6353142261505127,
      3.0124263763427734,
      3.442511558532715,
      3.976578950881958,
      4.559881210327148,
      4.186097621917725,
      2.7431657314300537,
      2.669931411743164,
      2.886007070541382,
      3.2607877254486084,
      3.4062724113464355,
      3.2846524715423584,
      3.2626750469207764,
      3.6388509273529053,
      3.338402509689331,
      3.740185260772705,
      4.505505084991455,
      4.613015174865723,
      4.103521823883057,
      4.33187198638916,
      4.370565414428711,
      4.234706401824951,
      4.102526664733887,
      4.126335620880127,
      4.238644123077393,
      4.1404500007629395,
      4.674875736236572,
      7.696488857269287,
      10.169185638427734,
      9.46090316772461
    ],
    [
      0.9617530107498169,
      0.824700117111206,
      0.8412523865699768,
      0.8704309463500977,
      0.9979885816574097,
      1.167936086654663,
      1.1721241474151611,
      1.5593336820602417,
      1.2696160078048706,
      1.6288453340530396,
      2.147869348526001,
      1.5224870443344116,
      1.5532112121582031,
      2.1677258014678955,
      2.6453254222869873,
      2.6034464836120605,
      3.2937448024749756,
      3.3355700969696045,
      4.288662433624268,
      3.855626106262207,
      3.973106622695923,
      4.609566688537598,
      5.356952667236328,
      5.86429500579834,
      6.398690700531006,
      5.279615879058838,
      6.8131232261657715,
      4.23394250869751,
      7.21931791305542,
      5.8435587882995605,
      7.357330799102783,
      4.406601905822754,
      5.154397010803223,
      6.180279731750488,
      4.8525776863098145,
      4.921238422393799,
      4.33734655380249,
      4.535914897918701,
      3.5091657638549805,
      3.181215763092041,
      2.932729482650757,
      2.941425085067749,
      2.793539524078369,
      2.8089542388916016,
      2.9503841400146484,
      3.0713043212890625,
      3.089848041534424,
      2.846571445465088,
      2.5756442546844482,
      3.91707444190979
    ],
    [
      1.3899091482162476,
      0.898598313331604,
      0.9664155840873718,
      1.021415114402771,
      1.0810197591781616,
      1.1439815759658813,
      1.189192771911621,
      1.2320748567581177,
      1.2986639738082886,
      1.3968493938446045,
      1.3764783143997192,
      1.4475632905960083,
      1.5402876138687134,
      1.7273809909820557,
      1.715456247329712,
      1.8492647409439087,
      1.6500781774520874,
      1.6326452493667603,
      1.5711140632629395,
      1.5135914087295532,
      1.4993222951889038,
      1.497995376586914,
      1.4917691946029663,
      1.4917149543762207,
      1.5313949584960938,
      1.5871996879577637,
      1.6206992864608765,
      1.713145136833191,
      1.8796684741973877,
      2.085850238800049,
      2.252838611602783,
      2.1562728881835938,
      2.3922135829925537,
      2.5574722290039062,
      2.608701229095459,
      2.7105274200439453,
      2.7176547050476074,
      2.4852752685546875,
      2.234928846359253,
      2.163771867752075,
      2.1530802249908447,
