{
  "timesteps": [
    981,
    961,
    941,
    921,
    901,
    881,
    861,
    841,
    821,
    801,
    781,
    761,
    741,
    721,
    701,
    681,
    661,
    641,
    621,
    601,
    581,
    561,
    541,
    521,
    501,
    481,
    461,
    441,
    421,
    401,
    381,
    361,
    341,
    321,
    301,
    281,
    261,
    241,
    221,
    201,
    181,
    161,
    141,
    121,
    101,
    81,
    61,
    41,
    21,
    1
  ],
  "cis_per_gs": {
    "3.0": [
      [
        0.49063658714294434,
        0.5684959888458252,
        0.6653078198432922,
        0.794294536113739,
        0.9976469278335571,
        1.301085352897644,
        1.7211942672729492,
        2.2162222862243652,
        2.6398684978485107,
        2.9196906089782715,
        2.904954195022583,
        2.635316848754883,
        2.234004497528076,
        2.280709743499756,
        2.4402663707733154,
        2.530014991760254,
        2.424948215484619,
        2.315469264984131,
        2.049781560897827,
        1.9524810314178467,
        2.077714443206787,
        2.2886369228363037,
        2.4937222003936768,
        2.759171485900879,
        3.103830337524414,
        3.4367599487304688,
        3.7121074199676514,
        4.020812034606934,
        4.330880165100098,
        4.466527462005615,
        4.576716423034668,
        4.681149482727051,
        4.2119646072387695,
        4.046882629394531,
        3.722686767578125,
        2.9658162593841553,
        2.7414512634277344,
        2.6207056045532227,
        2.5650432109832764,
        2.5259435176849365,
        2.5033838748931885,
        2.5288283824920654,
        2.565913200378418,
        2.5404176712036133,
        2.5563695430755615,
        2.8665850162506104,
        3.130493640899658,
        3.7566888332366943,
        5.365325450897217,
        6.336882591247559
      ],
      [
        0.9826971888542175,
        1.0454448461532593,
        1.1427335739135742,
        1.284167766571045,
        1.4123378992080688,
        1.4642583131790161,
        1.5155366659164429,
        1.5475659370422363,
        1.6472622156143188,
        1.7490348815917969,
        2.0073764324188232,
        2.0787246227264404,
        2.439202070236206,
        2.3513405323028564,
        2.6188414096832275,
        2.563952684402466,
        2.57181978225708,
        2.5297112464904785,
        2.4156033992767334,
        2.4892497062683105,
        2.7556395530700684,
        2.9665114879608154,
        2.992356300354004,
        2.905444622039795,
        2.8366072177886963,
        2.8157615661621094,
        2.8292057514190674,
        2.967029333114624,
        3.184095859527588,
        3.445892810821533,
        3.6981449127197266,
        3.9697909355163574,
        4.2737717628479,
        4.5839762687683105,
        4.7168288230896,
        4.305658340454102,
        3.9672067165374756,
        3.260877847671509,
        3.1355292797088623,
        2.965120315551758,
        2.731957197189331,
        2.607433319091797,
        2.492762327194214,
        2.421516180038452,
        2.3964226245880127,
        2.364497184753418,
        2.285869598388672,
        2.1589906215667725,
        2.0123720169067383,
        1.8262780904769897
      ],
      [
        0.8146557211875916,
        0.9264508485794067,
        1.0609101057052612,
        1.2183650732040405,
        1.4115142822265625,
        1.6199942827224731,
        1.8348169326782227,
        2.016979455947876,
        2.1538281440734863,
        2.2736544609069824,
        2.40195631980896,
        2.465200185775757,
        2.4646151065826416,
        2.416527271270752,
        2.3563640117645264,
        2.3303322792053223,
        2.3929309844970703,
        2.56174898147583,
        2.746335029602051,
        2.7910358905792236,
        2.6847360134124756,
        2.5033204555511475,
        2.3341033458709717,
        2.2069737911224365,
        2.17099928855896,
        2.1947383880615234,
        2.249662160873413,
        2.327300786972046,
        2.385267972946167,
        2.422851800918579,
        2.4358084201812744,
        2.433487892150879,
        2.4072299003601074,
        2.379990816116333,
        2.340212345123291,
        2.30526065826416,
        2.2685375213623047,
        2.2290148735046387,
        2.1701266765594482,
        2.108147621154785,
        2.0342698097229004,
        1.958720088005066,
        1.8657472133636475,
        1.7771042585372925,
        1.705426573753357,
        1.6431430578231812,
        1.6058419942855835,
        1.5745129585266113,
        1.5211596488952637,
        1.1171232461929321
      ],
      [
        0.5029306411743164,
        0.5239480137825012,
        0.5339339971542358,
        0.5636959075927734,
        0.6002705097198486,
        0.6625093817710876,
        0.7351052165031433,
        0.8220081925392151,
        0.9243295192718506,
        1.0453174114227295,
        1.2150336503982544,
        1.4082640409469604,
        1.6410306692123413,
        1.8685864210128784,
        2.06719708442688,
        2.2467763423919678,
        2.399540901184082,
        2.564281463623047,
        2.9087870121002197,
        3.3233630657196045,
        3.7711822986602783,
        4.114865303039551,
        4.390138626098633,
        4.416479587554932,
        4.501779079437256,
        4.583968162536621,
        4.738874435424805,
        4.563107967376709,
        4.349822044372559,
        4.171869277954102,
        3.774125099182129,
        3.6721746921539307,
        3.7839128971099854,
        3.818460464477539,
        3.8670268058776855,
        3.966330051422119,
        4.106879234313965,
        4.254391670227051,
        4.410544395446777,
        4.482952117919922,
        4.415422439575195,
        4.2791876792907715,
        4.09528112411499,
        4.004620552062988,
        3.8893792629241943,
        3.701533079147339,
        3.404212236404419,
        3.0379068851470947,
        2.4001169204711914,
        2.6236026287078857
      ]
    ],