{
  "timesteps": [
    981,
    961,
    941,
    921,
    901,
    881,
    861,
    841,
    821,
    801,
    781,
    761,
    741,
    721,
    701,
    681,
    661,
    641,
    621,
    601,
    581,
    561,
    541,
    521,
    501,
    481,
    461,
    441,
    421,
    401,
    381,
    361,
    341,
    321,
    301,
    281,
    261,
    241,
    221,
    201,
    181,
    161,
    141,
    121,
    101,
    81,
    61,
    41,
    21,
    1
  ],
  "cis_struct_per_prompt": [
    [
      7.810868740081787,
      8.21418571472168,
      8.657368659973145,
      9.077012062072754,
      9.567425727844238,
      10.049418449401855,
      10.57087516784668,
      11.114851951599121,
      11.679746627807617,
      12.213094711303711,
      12.738603591918945,
      12.87111759185791,
      13.107380867004395,
      13.379006385803223,
      13.955105781555176,
      14.612747192382812,
      15.308893203735352,
      15.917437553405762,
      16.333602905273438,
      16.582311630249023,
      16.818056106567383,
      16.648405075073242,
      16.23081398010254,
      16.451555252075195,
      16.94243812561035,
      17.354572296142578,
      17.736785888671875,
      18.073816299438477,
      18.370882034301758,
      18.611919403076172,
      18.871278762817383,
      19.11089515686035,
      19.36958122253418,
      19.695053100585938,
      20.004093170166016,
      20.303985595703125,
      20.567960739135742,
      20.855819702148438,
      21.20894432067871,
      21.63347625732422,
      22.10770606994629,
      22.545772552490234,
      22.944473266601562,
      23.178672790527344,
      23.258665084838867,
      23.229209899902344,
      22.975759506225586,
      22.232667922973633,
      20.436885833740234,
      12.06184196472168
    ],
    [
      3.5054640769958496,
      3.490018844604492,
      3.863820791244507,
      4.320084095001221,
      4.921791076660156,
      5.24806022644043,
      5.750304698944092,
      5.915832996368408,
      6.030101299285889,
      6.26889181137085,
      6.698768138885498,
      7.073154926300049,
      7.599526882171631,
      8.31114387512207,
      9.094330787658691,
      9.005149841308594,
      10.128386497497559,
      10.866535186767578,
      11.622169494628906,
      12.308688163757324,
      12.97259521484375,
      13.641539573669434,
      14.361798286437988,
      15.044001579284668,
      15.726983070373535,
      16.43742561340332,
      17.147960662841797,
      17.895050048828125,
      18.566558837890625,
      19.31114959716797,
      20.066394805908203,
      20.746891021728516,
      21.42793083190918,
      22.14113426208496,
      22.8853816986084,
      23.629798889160156,
      24.316543579101562,
      24.96602439880371,
      25.46524429321289,
      25.743467330932617,
      26.094457626342773,
      26.383886337280273,
      26.530988693237305,
      26.528644561767578,
      26.50562858581543,
      26.48045539855957,
      26.25832748413086,
      25.6398983001709,
      23.855648040771484,
      13.972136497497559
    ],
    [
      1.7968891859054565,
      2.307741165161133,
      2.426793098449707,
      2.620147943496704,
      2.818453550338745,
      3.0834996700286865,
      3.518901824951172,
      3.847865581512451,
      4.22387170791626,
      4.630393981933594,
      4.966274261474609,
      5.248804092407227,
      5.4948625564575195,
      5.746535778045654,
      6.100492477416992,
      6.475020408630371,
      6.8680009841918945,
      7.277639389038086,
      7.751585483551025,
      8.295811653137207,
      8.88395881652832,
      9.483133316040039,
      10.135454177856445,
      10.735562324523926,
      11.329216003417969,
      11.894672393798828,
      12.3793306350708,
      12.892805099487305,
      13.342620849609375,
      13.757041931152344,
      14.181366920471191,
      14.563098907470703,
      14.914527893066406,
      15.248555183410645,
      15.554930686950684,
      15.836326599121094,
      16.08342933654785,
      16.281095504760742,
      16.401287078857422,
      16.46887969970703,
      16.508737564086914,
      16.50275230407715,
      16.37299346923828,
      16.1154842376709,
      15.783623695373535,
      15.39019775390625,
      14.860918998718262,
      14.099678039550781,
      12.610421180725098,
      7.089815139770508
    ],
    [
      3.814816474914551,
      4.541656494140625,
      4.3119001388549805,
      4.965811252593994,
      5.182516098022461,
      5.495278358459473,
      5.814504146575928,
      6.187967777252197,
      6.598564147949219,
      7.039728164672852,
      7.510017395019531,
      7.9840593338012695,
      8.53303050994873,
      9.129457473754883,
      9.730854034423828,
      10.30962085723877,
      10.849878311157227,
      11.484513282775879,
      12.136418342590332,
      12.743219375610352,
      13.327349662780762,
      13.89380931854248,
      14.56861400604248,
      15.235519409179688,
      15.92054557800293,
      16.65196990966797,
      17.355863571166992,
      18.073251724243164,
      18.80763816833496,
      19.466079711914062,
      20.130449295043945,
      20.68738555908203,
      21.21468734741211,
      21.798809051513672,
      22.537033081054688,
      23.334653854370117,
      24.2122745513916,
      25.055837631225586,
      25.80565643310547,
      26.4163761138916,
      26.892271041870117,
      27.27790069580078,
      27.57149314880371,
      27.78011703491211,
      27.717422485351562,
      27.406139373779297,
      26.65749168395996,
      25.312829971313477,
      22.688188552856445,
      11.65217113494873
    ],
    [
      3.992480516433716,
      3.699857473373413,
      3.4247000217437744,
      3.81272029876709,
      4.117109298706055,
      4.440357685089111,
      4.812424182891846,
      5.200512886047363,
      5.5923919677734375,
      6.014625072479248,
      6.4744977951049805,
      6.925215244293213,
      7.430652618408203,
      7.941981792449951,
      8.468664169311523,
      9.029757499694824,
      9.794815063476562,
      10.302550315856934,
      11.021279335021973,
      11.764302253723145,
      12.54871940612793,
      13.40029239654541,
      14.328447341918945,
      15.302446365356445,
      16.313081741333008,
      17.373096466064453,
      18.339614868164062,
      19.12400245666504,
      19.89351463317871,
      20.537439346313477,
      21.348440170288086,
      22.234251022338867,
      23.069679260253906,
      23.905132293701172,
      24.74835205078125,
      25.514921188354492,
      26.31076431274414,
      27.0739803314209,
      27.681228637695312,
      28.075265884399414,
      28.40239143371582,
      28.57393455505371,
      28.752178192138672,
      28.890090942382812,
      28.942350387573242,
      28.96275520324707,
      28.73896026611328,
      28.00611114501953,
      26.11969566345215,
      14.990034103393555
    ],
    [
      3.9927539825439453,
      4.194941520690918,
      4.374425888061523,
      4.695428848266602,
      5.138319969177246,
      5.55728006362915,
      5.894726276397705,
      6.255010604858398,
      6.609066963195801,
      6.928370475769043,
      7.2817535400390625,
      7.710792064666748,
      8.160727500915527,
      8.655945777893066,
      9.202149391174316,
      9.812040328979492,
      10.472599029541016,
      11.150652885437012,
      11.85723876953125,
      12.554239273071289,
      13.275395393371582,
      14.036876678466797,
      14.868322372436523,
      15.670076370239258,
      16.520523071289062,
      17.40951156616211,
      18.31242561340332,
      19.281551361083984,
      20.290414810180664,
      21.241539001464844,
      22.270723342895508,
      23.312969207763672,
      24.339614868164062,
      25.321853637695312,
      26.25608253479004,
      27.198026657104492,
      28.20510482788086,
      29.24261474609375,
      30.23427963256836,
      31.119461059570312,
      31.989450454711914,
      32.78040313720703,
