{
  "timesteps": [
    981,
    961,
    941,
    921,
    901,
    881,
    861,
    841,
    821,
    801,
    781,
    761,
    741,
    721,
    701,
    681,
    661,
    641,
    621,
    601,
    581,
    561,
    541,
    521,
    501,
    481,
    461,
    441,
    421,
    401,
    381,
    361,
    341,
    321,
    301,
    281,
    261,
    241,
    221,
    201,
    181,
    161,
    141,
    121,
    101,
    81,
    61,
    41,
    21,
    1
  ],
  "sas_per_prompt": [
    {
      "indices": [
        0,
        5,
        10,
        15,
        20,
        25,
        30,
        35,
        40,
        45,
        49
      ],
      "struct": [
        0.23096767912772587,
        0.2922751535904925,
        0.3141827644880392,
        0.34166130707960224,
        0.37495007987220447,
        0.41537267080745344,
        0.4067711472774764,
        0.41529213036565976,
        0.36176510770071496,
        0.2896559821533404,
        0.2832658981601649
      ],
      "text": [
        0.3401627242565155,
        0.34202584624290466,
        0.3347693085670471,
        0.337055504322052,
        0.3446611762046814,
        0.33812713623046875,
        0.33561480045318604,
        0.3414658308029175,
        0.33033764362335205,
        0.3210045099258423,
        0.32631930708885193
      ]
    },
    {
      "indices": [
        0,
        5,
        10,
        15,
        20,
        25,
        30,
        35,
        40,
        45,
        49
      ],
      "struct": [
        0.10230179028132992,
        0.09807100922560805,
        0.06226321858013507,
        0.0708025343189018,
        0.09355302443879243,
        0.09435915128514749,
        0.08631428098991346,
        0.10276796230859835,
        0.12205029896389612,
        0.11891339465268849,
        0.09872356916220602
      ],
      "text": [
        0.35899806022644043,
        0.26356783509254456,
        0.26900240778923035,
        0.2464553266763687,
        0.24063676595687866,
        0.26049497723579407,
        0.24626803398132324,
        0.25667309761047363,
        0.25315824151039124,
        0.2641995847225189,
        0.26766467094421387
      ]
    },
    {
      "indices": [
        0,
        5,
        10,
        15,
        20,
        25,
        30,
        35,
        40,
        45,
        49
      ],
      "struct": [
        0.03599691570958971,
        0.16656702140380247,
        0.1626596543951916,
        0.15298834732489663,
        0.11029948867786706,
        0.09490322148549997,
        0.08342584369449378,
        0.0771846953235711,
        0.06573879885605338,
        0.05709000446514002,
        0.04983108108108108
      ],
      "text": [
        0.34115344285964966,
        0.326227605342865,
        0.2907743752002716,
        0.2902977466583252,
        0.31569647789001465,
        0.30163854360580444,
        0.29872727394104004,
        0.2940269708633423,
        0.31197389960289,
        0.31701698899269104,
        0.32782092690467834
      ]
    },
    {
      "indices": [
        0,
        5,
        10,
        15,
        20,
        25,
        30,
        35,
        40,
        45,
        49
      ],
      "struct": [
        0.13579726720038524,
        0.11417774478709765,
        0.1353656923687343,
        0.17439376806131424,
        0.18025567312985505,
        0.1859504132231405,
        0.18549984363598457,
        0.14148928596853422,
        0.0894353217158177,
        0.07272847266907555,
        0.06391361886429259
      ],
      "text": [
        0.26034829020500183,
        0.2548951506614685,
        0.27722057700157166,
        0.31697604060173035,
        0.27378350496292114,
        0.3358125686645508,
        0.29071158170700073,
        0.3026829957962036,
        0.315702348947525,
        0.3292205333709717,
        0.3368038535118103
      ]
    },
    {
      "indices": [
        0,
        5,
        10,
        15,
        20,
        25,
        30,
        35,
        40,
        45,
        49
      ],
      "struct": [
        0.04458575448598472,
        0.08416426731322928,
        0.10645212178577063,
        0.12796707207625413,
        0.15900494617398894,
        0.16737529045335442,
        0.17147836968180194,
        0.15674081914230092,
        0.13740328334697532,
        0.12594311439647626,
        0.11271454295896138
      ],
      "text": [
        0.31789231300354004,
        0.31125974655151367,
        0.32701578736305237,
        0.3236140012741089,
        0.31872984766960144,
        0.32001399993896484,
        0.31765076518058777,
        0.3093937635421753,
        0.3092395067214966,
        0.2929171323776245,
        0.2888253331184387
      ]
    },
    {
      "indices": [
        0,
        5,
        10,
        15,
        20,
        25,
        30,
        35,
        40,
        45,
        49
      ],
      "struct": [
        0.14746349286739258,
        0.10547277039423636,
        0.06781346692205688,
        0.09379260566204187,
        0.12415672029060716,
        0.1284556919736073,
        0.11998334090564895,
        0.09575601805416249,
        0.10076204581830343,
        0.10430182652959377,
        0.09385510561011705
      ],
      "text": [
        0.21855857968330383,
        0.1482599526643753,
        0.1563289314508438,
        0.17208155989646912,
        0.23378916084766388,
        0.2579096555709839,
        0.2803877890110016,
        0.27935153245925903,
        0.2790667712688446,
        0.2706429660320282,
        0.2807161808013916
      ]
    }
  ],
  "prompts": [
    "A photograph of a cat sitting on a windowsill",
    "A red sports car on a mountain road",
    "A watercolor painting of a sunset over the ocean",
    "An astronaut riding a horse on the moon",
    "A bowl of fruit on a wooden table",
    "A medieval castle in a foggy forest"
  ]
}