{
  "timesteps": [
    981,
    961,
    941,
    921,
    901,
    881,
    861,
    841,
    821,
    801,
    781,
    761,
    741,
    721,
    701,
    681,
    661,
    641,
    621,
    601,
    581,
    561,
    541,
    521,
    501,
    481,
    461,
    441,
    421,
    401,
    381,
    361,
    341,
    321,
    301,
    281,
    261,
    241,
    221,
    201,
    181,
    161,
    141,
    121,
    101,
    81,
    61,
    41,
    21,
    1
  ],
  "ts_per_pair": [
    [
      1.8515770435333252,
      2.268948793411255,
      2.670488119125366,
      3.040898323059082,
      3.655679225921631,
      4.1855292320251465,
      4.605451583862305,
      5.299481391906738,
      6.22321081161499,
      6.5258965492248535,
      6.690796375274658,
      7.271749496459961,
      7.939742565155029,
      8.390934944152832,
      8.932794570922852,
      9.700310707092285,
      10.726394653320312,
      11.648277282714844,
      12.339909553527832,
      12.959844589233398,
      13.584285736083984,
      14.115177154541016,
      14.669670104980469,
      15.281152725219727,
      15.968430519104004,
      16.795700073242188,
      17.63123893737793,
      18.509408950805664,
      19.299419403076172,
      20.102054595947266,
      20.962026596069336,
      21.764049530029297,
      22.55898094177246,
      23.34372901916504,
      24.145124435424805,
      24.936141967773438,
      25.717880249023438,
      26.487821578979492,
      27.253576278686523,
      28.02181625366211,
      28.79854965209961,
      29.585655212402344,
      30.38846206665039,
      31.220720291137695,
      32.09235763549805,
      33.03964614868164,
      34.10712814331055,
      35.41178512573242,
      37.607521057128906,
      37.727081298828125
    ],
    [
      0.3882388770580292,
      1.0247762203216553,
      1.8748587369918823,
      2.6790659427642822,
      3.5592973232269287,
      4.690747261047363,
      5.8311686515808105,
      7.298704624176025,
      8.418008804321289,
      10.670568466186523,
      11.539958000183105,
      12.316852569580078,
      13.02453899383545,
      14.115155220031738,
      15.484820365905762,
      17.681591033935547,
      19.506977081298828,
      20.810075759887695,
      21.821043014526367,
      23.615859985351562,
      24.631820678710938,
      26.02070426940918,
      28.18401527404785,
      29.08841896057129,
      30.180788040161133,
      31.061616897583008,
      32.12876510620117,
      33.20882797241211,
      34.46281051635742,
      35.341224670410156,
      36.22950744628906,
      37.0992431640625,
      38.077754974365234,
      39.01552963256836,
      39.933013916015625,
      40.90950012207031,
      41.86000061035156,
      42.78943634033203,
      43.71183395385742,
      44.6641731262207,
      45.61769104003906,
      46.54195785522461,
      47.4930534362793,
      48.48414611816406,
      49.526004791259766,
      50.604698181152344,
      51.81698989868164,
      53.290367126464844,
      55.815372467041016,
      55.95530319213867
    ],
    [
      4.16981315612793,
      4.854040622711182,
      5.472764492034912,
      6.116422176361084,
      6.794102668762207,
      7.509805679321289,
      8.302042007446289,
      9.159248352050781,
      10.042098045349121,
      11.0187349319458,
      12.05389404296875,
      13.142117500305176,
      14.245224952697754,
      15.44754409790039,
      16.650440216064453,
      18.12633514404297,
      19.42458152770996,
      20.774137496948242,
      22.145774841308594,
      23.53676986694336,
      24.953845977783203,
      26.3911075592041,
      27.85112190246582,
      29.3209285736084,
      30.804508209228516,
      32.28891372680664,
      33.7728157043457,
      35.25181198120117,
      36.73523712158203,
      38.21984100341797,
      39.697975158691406,
      41.15009689331055,
      42.59334182739258,
      44.028202056884766,
      45.43539810180664,
      46.8455810546875,
      48.13779830932617,
      49.39345169067383,
      50.60364532470703,
      51.779685974121094,
      52.9498176574707,
      54.11946487426758,
      55.281227111816406,
      56.44961929321289,
      57.641876220703125,
      58.88785171508789,
      60.24769592285156,
      61.848060607910156,
      64.41427612304688,
      64.5382080078125
    ],
    [
      2.3883349895477295,
      3.1275415420532227,
      3.858013391494751,
      4.60055685043335,
      5.373468399047852,
      6.109212875366211,
      6.827064514160156,
      7.68190336227417,
      8.939048767089844,
      10.492255210876465,
      12.87394905090332,
      17.60059928894043,
      16.46007537841797,
      17.173263549804688,
      17.81652069091797,
      22.081802368164062,
      20.345783233642578,
      22.29239273071289,
      23.051889419555664,
      24.22205352783203,
      24.88381004333496,
      25.661846160888672,
      26.616254806518555,
      27.276037216186523,
      27.974626541137695,
      28.766525268554688,
      29.494918823242188,
      30.097631454467773,
      30.71011734008789,
      31.388042449951172,
      32.06559753417969,
      32.80963897705078,
      33.491573333740234,
      34.20768737792969,
      34.989097595214844,
      35.8291015625,
      36.69490432739258,
      37.5604248046875,
      38.440799713134766,
      39.325252532958984,
      40.2441291809082,
      41.18975830078125,
      42.16927719116211,
      43.19403839111328,
      44.28558349609375,
      45.47258758544922,
      46.81975555419922,
      48.461734771728516,
      51.19074249267578,
      51.32419967651367
    ]
  ],
  "prompt_pairs": [
    [
      "A red sports car on a mountain road",
      "A blue sports car on a mountain road"
    ],
    [
      "A photograph of a cat sitting on a windowsill",
      "A photograph of a dog sitting on a windowsill"
    ],
    [
      "A medieval castle in a foggy forest",
      "A medieval castle in a sunny meadow"
    ],
    [
      "A snowy mountain landscape with pine trees",
      "A snowy mountain landscape with palm trees"
    ]
  ]
}