{
  "timesteps": [
    981,
    961,
    941,
    921,
    901,
    881,
    861,
    841,
    821,
    801,
    781,
    761,
    741,
    721,
    701,
    681,
    661,
    641,
    621,
    601,
    581,
    561,
    541,
    521,
    501,
    481,
    461,
    441,
    421,
    401,
    381,
    361,
    341,
    321,
    301,
    281,
    261,
    241,
    221,
    201,
    181,
    161,
    141,
    121,
    101,
    81,
    61,
    41,
    21,
    1
  ],
  "ts_struct_per_pair": [
    [
      3.5016562938690186,
      6.333024978637695,
      8.717864990234375,
      11.076594352722168,
      13.155891418457031,
      14.95000171661377,
      16.63254165649414,
      18.232866287231445,
      19.77918815612793,
      21.272748947143555,
      22.794553756713867,
      24.295251846313477,
      25.810579299926758,
      27.298072814941406,
      28.75996208190918,
      30.219036102294922,
      31.659591674804688,
      33.065547943115234,
      34.476871490478516,
      35.799468994140625,
      37.08689880371094,
      38.279701232910156,
      39.45366668701172,
      40.50533676147461,
      41.61526107788086,
      42.66657257080078,
      43.6778678894043,
      44.72543716430664,
      45.765689849853516,
      46.825199127197266,
      47.870174407958984,
      48.92326354980469,
      49.96372604370117,
      50.98915481567383,
      51.98115921020508,
      52.952392578125,
      53.93138122558594,
      54.91897201538086,
      55.907249450683594,
      56.8980712890625,
      57.90284729003906,
      58.92463684082031,
      59.98178482055664,
      61.085731506347656,
      62.246177673339844,
      63.54547119140625,
      65.0663833618164,
      67.03722381591797,
      70.67369079589844,
      70.7989730834961
    ],
    [
      2.6472902297973633,
      4.4789042472839355,
      5.829570770263672,
      6.9860520362854,
      8.277155876159668,
      9.36422061920166,
      10.624919891357422,
      11.677315711975098,
      13.016153335571289,
      14.368202209472656,
      15.510299682617188,
      16.640018463134766,
      17.778892517089844,
      18.928016662597656,
      20.058258056640625,
      21.16536521911621,
      22.293527603149414,
      23.417356491088867,
      24.58049201965332,
      25.780805587768555,
      26.998756408691406,
      28.198081970214844,
      29.422332763671875,
      30.51964569091797,
      31.673295974731445,
      32.738826751708984,
      33.71485137939453,
      34.746089935302734,
      35.812355041503906,
      36.856101989746094,
      37.825801849365234,
      38.7972412109375,
      39.76168441772461,
      40.692710876464844,
      41.586387634277344,
      42.483192443847656,
      43.403297424316406,
      44.3433837890625,
      45.2920036315918,
      46.24553298950195,
      47.2178955078125,
      48.193721771240234,
      49.18540954589844,
      50.199493408203125,
      51.24984359741211,
      52.361080169677734,
      53.59980773925781,
      55.09333801269531,
      57.59895706176758,
      57.72026062011719
    ],
    [
      2.9454569816589355,
      4.7122321128845215,
      6.018589496612549,
      7.179590702056885,
      8.674352645874023,
      9.805716514587402,
      11.239123344421387,
      12.162494659423828,
      13.27927303314209,
      14.41943645477295,
      15.329514503479004,
      16.225431442260742,
      17.118492126464844,
      18.047624588012695,
      18.992029190063477,
      19.982460021972656,
      20.99734115600586,
      22.044757843017578,
      23.097963333129883,
      24.12497901916504,
      25.092803955078125,
      25.99681282043457,
      26.903728485107422,
      27.8160457611084,
      28.740272521972656,
      29.683134078979492,
      30.666915893554688,
      31.751079559326172,
      32.87972640991211,
      33.9516487121582,
      34.99320602416992,
      35.97275924682617,
      36.94071578979492,
      37.8616828918457,
      38.74651336669922,
      39.62840270996094,
      40.533294677734375,
      41.46839141845703,
      42.420616149902344,
      43.38663101196289,
      44.364383697509766,
      45.354827880859375,
      46.36574935913086,
      47.405517578125,
      48.49772644042969,
      49.66568374633789,
      50.97029113769531,
      52.53671646118164,
      55.1328239440918,
      55.280460357666016
    ],
    [
      2.8908934593200684,
      4.392354488372803,
      5.734111785888672,
      7.080041885375977,
      8.638190269470215,
      9.886887550354004,
      11.264492988586426,
      12.304149627685547,
      13.274127960205078,
      14.291763305664062,
      15.363435745239258,
      16.4998836517334,
      17.699573516845703,
      18.931577682495117,
      20.17763328552246,
      21.45940399169922,
      22.777490615844727,
      24.113609313964844,
      25.447973251342773,
      26.761442184448242,
      28.0203914642334,
      29.229284286499023,
      30.418460845947266,
      31.593738555908203,
      32.77231216430664,
      33.971229553222656,
      35.1914176940918,
      36.441558837890625,
      37.71324920654297,
      38.99230194091797,
      40.30695343017578,
      41.57072448730469,
      42.83409118652344,
      44.10024642944336,
      45.366546630859375,
      46.62615203857422,
      47.8902587890625,
      49.16105651855469,
      50.42973327636719,
      51.700477600097656,
      52.973628997802734,
      54.252132415771484,
      55.5443115234375,
      56.859466552734375,
      58.21175765991211,
      59.637245178222656,
      61.19664001464844,
      63.02669906616211,
      65.94673156738281,
      66.0967788696289
    ]
  ],
  "prompt": "A photograph of a cat sitting on a windowsill",
  "num_pairs": 4
}