{
  "timesteps": [
    981,
    961,
    941,
    921,
    901,
    881,
    861,
    841,
    821,
    801,
    781,
    761,
    741,
    721,
    701,
    681,
    661,
    641,
    621,
    601,
    581,
    561,
    541,
    521,
    501,
    481,
    461,
    441,
    421,
    401,
    381,
    361,
    341,
    321,
    301,
    281,
    261,
    241,
    221,
    201,
    181,
    161,
    141,
    121,
    101,
    81,
    61,
    41,
    21,
    1
  ],
  "cis_per_gs": {
    "3.0": [
      [
        0.4928585886955261,
        0.5658726692199707,
        0.6630207896232605,
        0.7968758940696716,
        1.0002464056015015,
        1.3010568618774414,
        1.7227684259414673,
        2.217088222503662,
        2.6395912170410156,
        2.919569492340088,
        2.909315347671509,
        2.6354968547821045,
        2.2363386154174805,
        2.280120611190796,
        2.4410407543182373,
        2.531810998916626,
        2.4318089485168457,
        2.3102619647979736,
        2.0463478565216064,
        1.9118802547454834,
        2.007204532623291,
        2.25016450881958,
        2.462981700897217,
        2.696956157684326,
        3.0214438438415527,
        3.428959369659424,
        3.67095947265625,
        4.015019416809082,
        4.256687641143799,
        4.421664237976074,
        4.56963586807251,
        4.7386016845703125,
        4.33402156829834,
        3.9361000061035156,
        3.438870906829834,
        3.2864503860473633,
        2.990184783935547,
        2.765265941619873,
        2.6755659580230713,
        2.6156165599823,
        2.57873797416687,
        2.5143468379974365,
        2.4642231464385986,
        2.4570095539093018,
        2.519920587539673,
        2.6770856380462646,
        2.9456703662872314,
        3.547673225402832,
        4.990174770355225,
        6.026581287384033
      ],
      [
        0.9833691120147705,
        1.0466742515563965,
        1.142085313796997,
        1.2845439910888672,
        1.4117629528045654,
        1.4671638011932373,
        1.5162549018859863,
        1.5508453845977783,
        1.6507534980773926,
        1.742379069328308,
        2.0244624614715576,
        2.0421040058135986,
        2.4643678665161133,
        2.3029069900512695,
        2.6129977703094482,
        2.5575313568115234,
        2.5658466815948486,
        2.523362398147583,
        2.4025235176086426,
        2.456977128982544,
        2.722055196762085,
        2.951589345932007,
        2.999055862426758,
        2.916585683822632,
        2.845036745071411,
        2.827038288116455,
        2.8380582332611084,
        2.97996187210083,
        3.198509931564331,
        3.4495060443878174,
        3.7019050121307373,
        3.9783084392547607,
        4.286131381988525,
        4.617872714996338,
        4.76558256149292,
        4.360646724700928,
        4.004126071929932,
        3.2463576793670654,
        3.1413462162017822,
        2.960134983062744,
        2.7236924171447754,
        2.5882160663604736,
        2.4910082817077637,
        2.430947780609131,
        2.3963325023651123,
        2.3551523685455322,
        2.263246536254883,
        2.1463046073913574,
        2.0139646530151367,
        1.8536070585250854
      ],
      [
        0.8145735859870911,
        0.9250438809394836,
        1.0597736835479736,
        1.219630479812622,
        1.4108065366744995,
        1.6210856437683105,
        1.8347753286361694,
        2.0187792778015137,
        2.1545510292053223,
        2.275118112564087,
        2.4048407077789307,
        2.4672672748565674,
        2.464517831802368,
        2.416719675064087,
        2.358279228210449,
        2.3312580585479736,
        2.393758773803711,
        2.5614075660705566,
        2.747330904006958,
        2.790658712387085,
        2.686293601989746,
        2.5050394535064697,
        2.3339202404022217,
        2.2079415321350098,
        2.1689112186431885,
        2.1925833225250244,
        2.246898889541626,
        2.3257131576538086,
        2.383782386779785,
        2.419534206390381,
        2.433638095855713,
        2.4315946102142334,
        2.4034833908081055,
        2.3739280700683594,
        2.338995933532715,
        2.3035356998443604,
        2.2681853771209717,
        2.228620767593384,
        2.1727967262268066,
        2.106884002685547,
        2.0326743125915527,
        1.9582902193069458,
        1.8660422563552856,
        1.7787638902664185,
        1.70051908493042,
        1.645688533782959,
        1.6059489250183105,
        1.5733932256698608,
        1.517115831375122,
        1.1161094903945923
      ],
      [
        0.5053063035011292,
        0.5157073736190796,
        0.5319316387176514,
        0.560424268245697,
        0.5977895259857178,
        0.6612369418144226,
        0.7357484102249146,
        0.8209735155105591,
        0.9236481785774231,
        1.0433590412139893,
        1.2116878032684326,
        1.4087707996368408,
        1.640584111213684,
        1.869248867034912,
        2.0681207180023193,
        2.249936819076538,
        2.400463342666626,
        2.5639169216156006,
        2.906144380569458,
        3.3202967643737793,
        3.765176296234131,
        4.104552745819092,
        4.3835225105285645,
        4.401220798492432,
        4.487191200256348,
        4.565975189208984,
        4.711905002593994,
        4.5456156730651855,
        4.341775894165039,
        4.1874775886535645,
        3.8287127017974854,
        3.6673216819763184,
        3.778993844985962,
        3.812955141067505,
        3.8547587394714355,
        3.9631736278533936,
        4.10443115234375,
        4.257715702056885,
        4.421099662780762,
        4.49777889251709,
        4.437844276428223,
        4.297531604766846,
        4.110647678375244,
        4.013455867767334,
        3.8739700317382812,
        3.67549729347229,
        3.380382537841797,
        3.0189855098724365,
        2.397911787033081,
        2.5863170623779297
      ]
    ],