{
  "timesteps": [
    981,
    961,
    941,
    921,
    901,
    881,
    861,
    841,
    821,
    801,
    781,
    761,
    741,
    721,
    701,
    681,
    661,
    641,
    621,
    601,
    581,
    561,
    541,
    521,
    501,
    481,
    461,
    441,
    421,
    401,
    381,
    361,
    341,
    321,
    301,
    281,
    261,
    241,
    221,
    201,
    181,
    161,
    141,
    121,
    101,
    81,
    61,
    41,
    21,
    1
  ],
  "cis_per_prompt": [
    [
      0.4928585886955261,
      0.5967288613319397,
      0.7404913306236267,
      0.9477112889289856,
      1.1619443893432617,
      1.2490313053131104,
      1.6059995889663696,
      1.542730450630188,
      1.9386333227157593,
      1.7973649501800537,
      2.0189220905303955,
      1.724623441696167,
      1.8907841444015503,
      1.7595257759094238,
      2.220916271209717,
      2.199604034423828,
      2.539123058319092,
      2.853529214859009,
      2.706622838973999,
      3.215827226638794,
      3.0062403678894043,
      2.243971586227417,
      1.8934630155563354,
      2.270033597946167,
      2.310035228729248,
      2.338000774383545,
      2.4294638633728027,
      2.536691427230835,
      2.608635425567627,
      2.609332799911499,
      2.6631581783294678,
      2.71047306060791,
      2.6800918579101562,
      2.768118143081665,
      2.8501999378204346,
      2.885011672973633,
      2.880680561065674,
      2.979120969772339,
      3.0552477836608887,
      3.193657636642456,
      3.0658717155456543,
      3.084059476852417,
      3.0013678073883057,
      2.7108511924743652,
      2.5311570167541504,
      2.2957866191864014,
      2.1584134101867676,
      2.080972671508789,
      2.416067123413086,
      5.02754545211792
    ],
    [
      0.9833691120147705,
      0.9611901640892029,
      1.0149377584457397,
      1.103462815284729,
      1.2697020769119263,
      1.4814895391464233,
      1.4027208089828491,
      1.3809704780578613,
      1.451594591140747,
      1.2215193510055542,
      1.555526852607727,
      1.2149617671966553,
      1.4978183507919312,
      1.6881933212280273,
      1.8789982795715332,
      1.724696159362793,
      1.6672567129135132,
      1.473993182182312,
      1.3327211141586304,
      1.371961236000061,
      1.456546425819397,
      1.5505914688110352,
      1.5928313732147217,
      1.6174510717391968,
      1.5723122358322144,
      1.49109947681427,
      1.4991557598114014,
      1.5321098566055298,
      1.5928502082824707,
      1.692173719406128,
      1.7524700164794922,
      1.9152623414993286,
      2.041881799697876,
      1.9411157369613647,
      1.9720852375030518,
      1.9759294986724854,
      2.4806032180786133,
      1.7991687059402466,
      1.7924436330795288,
      1.7497310638427734,
      1.6888242959976196,
      1.6445544958114624,
      1.6342663764953613,
      1.6285908222198486,
      1.622904658317566,
      1.5718644857406616,
      1.448075771331787,
      1.3484740257263184,
      1.239977478981018,
      0.9052711725234985
    ],
    [
      0.8145735859870911,
      0.8149994015693665,
      0.9228032827377319,
      1.0641196966171265,
      1.2154185771942139,
      1.3581204414367676,
      1.553925633430481,
      2.0683157444000244,
      2.0131630897521973,
      2.23995304107666,
      3.0361719131469727,
      1.7700222730636597,
      2.5317370891571045,
      3.0029265880584717,
      2.229877233505249,
      3.2836430072784424,
      2.5955307483673096,
      3.343721389770508,
      2.006448984146118,
      3.6389944553375244,
      2.5299577713012695,
      3.4429168701171875,
      2.9093081951141357,
      2.5015337467193604,
      2.258775472640991,
      2.1775670051574707,
      2.1025891304016113,
      2.055856466293335,
      2.057987689971924,
      2.110372543334961,
      2.188408613204956,
      2.2722349166870117,
      2.3253016471862793,
      2.3343405723571777,
      2.3214797973632812,
      2.345073938369751,
      2.3158059120178223,
      2.257779836654663,
      2.1220433712005615,
      1.9990735054016113,
      1.916088342666626,
      1.8830866813659668,
      1.8970392942428589,
      1.8988441228866577,
      1.8478599786758423,
      1.804505467414856,
      1.7957184314727783,
      1.783557653427124,
      1.7297283411026,
      1.250831961631775
    ],
    [
      0.5053063035011292,
      0.5179521441459656,
      0.532250165939331,
      0.5718973875045776,
      0.6051198840141296,
      0.6504330039024353,
      0.7032002806663513,
      0.7667272686958313,
      0.8549497127532959,
      0.9536668062210083,
      1.0946940183639526,
      1.2360401153564453,
      1.4247819185256958,
      1.5858004093170166,
      1.7321207523345947,
      1.8810466527938843,
      2.000480890274048,
      2.1565780639648438,
      2.2771387100219727,
      2.438006639480591,
      2.662888526916504,
      3.021174430847168,
      3.4712347984313965,
      4.079465389251709,
      4.384793281555176,
      4.168547630310059,
      4.5734381675720215,
      2.938567876815796,
      3.4938998222351074,
      3.7027359008789062,
      3.304748296737671,
      3.7033698558807373,
      2.9317567348480225,
      3.3729701042175293,
      3.035120964050293,
      3.344050884246826,
      2.63713002204895,
      2.928879976272583,
      2.7305796146392822,
      2.69313645362854,
      2.7238168716430664,
      2.781944513320923,
      2.965695858001709,
      3.376253843307495,
      3.490102767944336,
      3.9593663215637207,
      5.250415802001953,
      7.969376564025879,
      9.786529541015625,
      10.32043743133545
    ],
    [
      0.9650286436080933,
      0.8257508873939514,
      0.8367941975593567,
      0.8658124804496765,
      0.9864737391471863,
      1.1610456705093384,
      1.1761704683303833,
      1.5457109212875366,
      1.2866401672363281,
      1.695811152458191,
      2.1177914142608643,
      1.6399765014648438,
      1.7535887956619263,
      2.5683939456939697,
      2.357539176940918,
      2.959766387939453,
      3.5566980838775635,
      4.3155975341796875,
      3.957395315170288,
      4.631261348724365,
      5.218603610992432,
      4.478363037109375,
      5.397947788238525,
      4.11164665222168,
      4.2615065574646,
      4.480938911437988,
      4.61846399307251,
      4.783552646636963,
      4.767872333526611,
      4.977139472961426,
      4.896519660949707,
      4.699354648590088,
      4.338126182556152,
      4.189866542816162,
      4.128416061401367,
      4.118662357330322,
      4.045446872711182,
      3.8391096591949463,
      3.6010830402374268,
      3.5519425868988037,
      3.634918689727783,
      4.397207736968994,
      4.485865116119385,
      4.122716903686523,
      3.0956029891967773,
      2.8656957149505615,
      2.7877037525177,
      2.6502323150634766,
      2.684006929397583,
      5.900349140167236
    ],
    [
      1.3889458179473877,
      0.9046139121055603,
      0.9658499360084534,
      1.0158766508102417,
      1.0847876071929932,
      1.1396936178207397,
      1.1930071115493774,
      1.2259855270385742,
      1.2989252805709839,
      1.4053725004196167,
      1.3846418857574463,
      1.4618418216705322,
      1.50968337059021,
      1.7147620916366577,
      1.7506898641586304,
      1.8565329313278198,
      1.6440132856369019,
      1.6361874341964722,
      1.5736804008483887,
      1.5192162990570068,
      1.5045716762542725,
      1.5057847499847412,
      1.497410774230957,
      1.5010323524475098,
      1.5430642366409302,
      1.6137810945510864,
      1.6691505908966064,
      1.7013553380966187,
      1.837886095046997,
      2.000070810317993,
      2.1720786094665527,
      2.311401605606079,
      2.1748883724212646,
      2.3729019165039062,
      2.4894001483917236,
      2.5549676418304443,
      2.649266481399536,
      2.70915150642395,
      2.3507306575775146,
      2.232097625732422,
      2.234083414077759,
