{
  "timesteps": [
    981,
    961,
    941,
    921,
    901,
    881,
    861,
    841,
    821,
    801,
    781,
    761,
    741,
    721,
    701,
    681,
    661,
    641,
    621,
    601,
    581,
    561,
    541,
    521,
    501,
    481,
    461,
    441,
    421,
    401,
    381,
    361,
    341,
    321,
    301,
    281,
    261,
    241,
    221,
    201,
    181,
    161,
    141,
    121,
    101,
    81,
    61,
    41,
    21,
    1
  ],
  "ts_per_pair": [
    [
      1.841591715812683,
      2.2799160480499268,
      2.6768038272857666,
      3.0407326221466064,
      3.644624948501587,
      4.182741165161133,
      4.596073150634766,
      5.348934173583984,
      6.180790424346924,
      6.780571937561035,
      7.402425289154053,
      7.569543838500977,
      7.9180474281311035,
      8.510760307312012,
      9.304377555847168,
      10.30913257598877,
      11.553133964538574,
      12.52380084991455,
      13.462278366088867,
      14.267753601074219,
      15.145418167114258,
      16.62754249572754,
      17.415237426757812,
      18.158872604370117,
      18.813814163208008,
      19.50505256652832,
      20.179731369018555,
      20.9141788482666,
      21.67228126525879,
      22.46808433532715,
      23.3372745513916,
      24.12120246887207,
      24.97772979736328,
      25.827251434326172,
      26.705333709716797,
      27.616539001464844,
      28.545299530029297,
      29.370939254760742,
      30.2003173828125,
      31.05858039855957,
      31.916236877441406,
      32.7869758605957,
      33.66725540161133,
      34.56956481933594,
      35.5108642578125,
      36.51863479614258,
      37.63852310180664,
      38.983177185058594,
      41.198490142822266,
      41.310970306396484
    ],
    [
      0.38678520917892456,
      1.0279799699783325,
      1.8597643375396729,
      2.709794759750366,
      3.54601788520813,
      4.702951431274414,
      5.7913899421691895,
      7.3162150382995605,
      8.181970596313477,
      10.21254825592041,
      11.108094215393066,
      11.943042755126953,
      12.764877319335938,
      14.164289474487305,
      15.310656547546387,
      18.033227920532227,
      19.175607681274414,
      20.846290588378906,
      21.74795913696289,
      24.17579460144043,
      24.6712646484375,
      25.50390625,
      26.46498680114746,
      27.234994888305664,
      28.102781295776367,
      28.831209182739258,
      29.82692527770996,
      30.58258819580078,
      31.590744018554688,
      32.420166015625,
      33.213043212890625,
      34.02714920043945,
      34.82902526855469,
      35.68135070800781,
      36.51810073852539,
      37.33622360229492,
      38.157100677490234,
      39.02507781982422,
      39.850303649902344,
      40.613800048828125,
      41.3954963684082,
      42.20539093017578,
      43.033321380615234,
      43.88699722290039,
      44.79267120361328,
      45.77248764038086,
      46.86821746826172,
      48.18400573730469,
      50.37637710571289,
      50.5053596496582
    ],
    [
      4.179046630859375,
      4.860045909881592,
      5.470494747161865,
      6.115231513977051,
      6.786217212677002,
      7.510288715362549,
      8.303047180175781,
      9.159667015075684,
      10.042458534240723,
      11.027207374572754,
      12.069925308227539,
      13.176531791687012,
      14.249686241149902,
      15.435563087463379,
      16.66017723083496,
      18.140907287597656,
      19.44000244140625,
      20.793832778930664,
      22.173002243041992,
      23.569786071777344,
      24.989896774291992,
      26.42754364013672,
      27.885818481445312,
      29.357290267944336,
      30.839866638183594,
      32.332332611083984,
      33.821380615234375,
      35.30194091796875,
      36.785728454589844,
      38.26875305175781,
      39.737056732177734,
      41.187992095947266,
      42.62244415283203,
      44.04289627075195,
      45.437564849853516,
      46.83012008666992,
      48.119136810302734,
      49.378902435302734,
      50.583499908447266,
      51.757232666015625,
      52.922462463378906,
      54.07479476928711,
      55.2254753112793,
      56.38590621948242,
      57.57000732421875,
      58.806396484375,
      60.158870697021484,
      61.751068115234375,
      64.30532836914062,
      64.42536163330078
    ],
    [
      2.3935654163360596,
      3.1459736824035645,
      3.8739261627197266,
      4.622409820556641,
      5.3868021965026855,
      6.129606246948242,
      6.846156597137451,
      7.710679531097412,
      8.972750663757324,
      10.531896591186523,
      12.962760925292969,
      18.025800704956055,
      16.466901779174805,
      17.29730987548828,
      17.66612434387207,
      22.302648544311523,
      20.406112670898438,
      22.425508499145508,
      23.019987106323242,
      24.174734115600586,
      24.832088470458984,
      25.766427993774414,
      26.61955451965332,
      27.41390037536621,
      28.126035690307617,
      28.844894409179688,
      29.646963119506836,
      30.101816177368164,
      30.832685470581055,
      31.547086715698242,
      32.32119369506836,
      33.10544967651367,
      33.8763313293457,
      34.674137115478516,
      35.505897521972656,
      36.319580078125,
      37.1481819152832,
      37.94901657104492,
      38.7742919921875,
      39.601356506347656,
      40.45823669433594,
      41.34305953979492,
      42.26654052734375,
      43.2437858581543,
      44.28899383544922,
      45.43369674682617,
      46.745033264160156,
      48.35259246826172,
      51.03004455566406,
      51.1517448425293
    ]
  ],
  "prompt_pairs": [
    [
      "A red sports car on a mountain road",
      "A blue sports car on a mountain road"
    ],
    [
      "A photograph of a cat sitting on a windowsill",
      "A photograph of a dog sitting on a windowsill"
    ],
    [
      "A medieval castle in a foggy forest",
      "A medieval castle in a sunny meadow"
    ],
    [
      "A snowy mountain landscape with pine trees",
      "A snowy mountain landscape with palm trees"
    ]
  ]
}